Controller,Sample,Stable,PitchSettling,YawSettling,PitchSettledWithinHorizon,YawSettledWithinHorizon,PitchBandwidth,YawBandwidth,PitchSteadyStateErrorPercent,YawSteadyStateErrorPercent,YawFromPitchPeak,PitchFromYawPeak,PitchDisturbancePeak,YawDisturbancePeak
mixsyn,1,1,0.815669965226771,0.974385138744202,1,1,5.14961297818264,4.06747533148587,1.67274808535255,1.35898022560924,0.0016575707701439,0.000108155198837565,0.0124137619849577,0.0571259948476039
mixsyn,2,1,24.0032402029085,1.02698454422369,1,1,5.61849530218486,4.65278886356486,1.41358973191187,1.28453892124031,0.000820032299951326,0.000239206413495496,0.0135824341117029,0.0589854797176281
mixsyn,3,1,0.806464373584847,0.928918118949986,1,1,6.0341055877606,4.23208845846893,1.20007681189073,1.66696128810834,0.00247240662482022,0.000216036610144536,0.0125840050020619,0.0570832468746173
mixsyn,4,1,0.768097310331286,0.944197854957511,1,1,6.01883214560175,4.33307556810781,1.31168048901852,1.5753615796888,0.00140484533263228,0.000274985751354772,0.0125947413265793,0.0568388265546771
mixsyn,5,1,2.31647447857003,0.918637717879281,1,1,3.84333432010276,4.14162649578361,1.1082449273745,1.74405625028011,0.00334752693106323,0.000235608159774296,0.0117721699569669,0.0571033235939032
mixsyn,6,1,1.23305658074711,1.01048460203273,1,1,5.83217637649184,4.21419274601466,1.58435604420842,1.381471623208,0.0010697883910073,0.000176014614358227,0.0127813721363215,0.057861352100612
mixsyn,7,1,0.837511308440131,0.924720969359636,1,1,4.91340293609675,4.59411670222427,0.866125030842573,1.68650608807851,0.00432584122165936,0.000268901805964426,0.0125286673077126,0.0577826681884061
mixsyn,8,1,0.630398128309787,0.965366349212938,1,1,5.83371156462219,4.39853119565238,1.55733174070089,1.3234978054836,0.00123624619086163,0.000141821737203031,0.0128689739519139,0.0576229721099663
mixsyn,9,1,0.706514819992719,1.01400229659568,1,1,5.75734898773111,4.27324939500675,2.02812726267704,1.21040995989388,0.00428176530032692,0.000111296731085926,0.0126321911540198,0.05863372399159
mixsyn,10,1,0.627911065038748,1.05529355475349,1,1,5.77382573022784,4.64368868973303,0.805840040738821,1.58958113817572,0.00412649410982799,0.000298320417178398,0.0133361882387481,0.0585582064498388
hinfsyn,1,1,0.815669965226771,0.974385138744202,1,1,5.14961297818264,4.06747533148587,1.67274808535255,1.35898022560924,0.0016575707701439,0.000108155198837565,0.0124137619849577,0.0571259948476039
hinfsyn,2,1,24.0032402029085,1.02698454422369,1,1,5.61849530218486,4.65278886356486,1.41358973191187,1.28453892124031,0.000820032299951326,0.000239206413495496,0.0135824341117029,0.0589854797176281
hinfsyn,3,1,0.806464373584847,0.928918118949986,1,1,6.0341055877606,4.23208845846893,1.20007681189073,1.66696128810834,0.00247240662482022,0.000216036610144536,0.0125840050020619,0.0570832468746173
hinfsyn,4,1,0.768097310331286,0.944197854957511,1,1,6.01883214560175,4.33307556810781,1.31168048901852,1.5753615796888,0.00140484533263228,0.000274985751354772,0.0125947413265793,0.0568388265546771
hinfsyn,5,1,2.31647447857003,0.918637717879281,1,1,3.84333432010276,4.14162649578361,1.1082449273745,1.74405625028011,0.00334752693106323,0.000235608159774296,0.0117721699569669,0.0571033235939032
hinfsyn,6,1,1.23305658074711,1.01048460203273,1,1,5.83217637649184,4.21419274601466,1.58435604420842,1.381471623208,0.0010697883910073,0.000176014614358227,0.0127813721363215,0.057861352100612
hinfsyn,7,1,0.837511308440131,0.924720969359636,1,1,4.91340293609675,4.59411670222427,0.866125030842573,1.68650608807851,0.00432584122165936,0.000268901805964426,0.0125286673077126,0.0577826681884061
hinfsyn,8,1,0.630398128309787,0.965366349212938,1,1,5.83371156462219,4.39853119565238,1.55733174070089,1.3234978054836,0.00123624619086163,0.000141821737203031,0.0128689739519139,0.0576229721099663
hinfsyn,9,1,0.706514819992719,1.01400229659568,1,1,5.75734898773111,4.27324939500675,2.02812726267704,1.21040995989388,0.00428176530032692,0.000111296731085926,0.0126321911540198,0.05863372399159
hinfsyn,10,1,0.627911065038748,1.05529355475349,1,1,5.77382573022784,4.64368868973303,0.805840040738821,1.58958113817572,0.00412649410982799,0.000298320417178398,0.0133361882387481,0.0585582064498388
PID+comp,1,1,0.889034464933391,0.911281082157207,1,1,6.15973823055601,4.48842637410834,0,0,0.0011129144378219,0.00232411237159013,0.0123117590225622,0.0475746212745566
PID+comp,2,1,25.7099864126199,0.968332228635045,1,1,5.67069945999831,5.3513729321297,0,2.65046223455293e-14,0.000671805621307357,0.00223565955977294,0.0134601517537431,0.0489954588478153
PID+comp,3,1,0.902135346394006,0.870484728827967,1,1,6.36516342455046,4.66465166507264,0,0,0.00236292701209506,0.00265783029275839,0.0124997059818369,0.0472102006947275
PID+comp,4,1,0.834534203416418,0.888355051221053,1,1,6.35975785330568,4.77680572715185,0,0,0.00146453288827707,0.00269852755073502,0.0125074794411571,0.0470786848961211
PID+comp,5,1,2.29193967949564,0.859967926371051,1,1,3.88453168831422,4.55672183253311,0,0,0.00311023651250293,0.00217603499088837,0.0116817158653364,0.0471711121661698
PID+comp,6,1,1.25727481755186,0.9547221107257,1,1,5.99978981664518,4.65116589307906,0,0,0.000656356249882186,0.00244683422595918,0.0126797816866463,0.0481203640121026
PID+comp,7,1,0.839087908262027,0.865113425696918,1,1,5.02284678026865,5.08383820528408,0,0,0.00388945292678073,0.00229406829772547,0.0124203484424075,0.0476068814895025
PID+comp,8,1,1.17851784585294,0.897984584445551,1,1,6.02920957971198,4.88295653798946,1.9878466759147e-14,0,0.000776681355612905,0.00235660288212094,0.0127635154810967,0.0479376304016914
PID+comp,9,1,1.18600071896543,0.951604735733548,1,1,5.90571400324628,4.75016929906103,1.9878466759147e-14,0,0.0033553025882714,0.00230348315430452,0.0125219911171691,0.0490581001137401
PID+comp,10,1,0.604408186102119,1.02140926918032,1,1,6.09517207867117,5.12359688715754,1.9878466759147e-14,0,0.00369130029129942,0.00250666381275385,0.0132291518816331,0.0482116007805205
mu-synthesis,1,1,2.48062791951327,3.99802127047312,1,1,3.46630021804755,4.20206917101204,1.8100845191022,0.225424839294928,0.00182332493886781,0.000341811742932943,0.0121672970909131,0.0454967305087062
mu-synthesis,2,1,1.07816023608216,4.38432307599948,1,1,4.48684056622965,4.82384833815469,1.55670600334444,0.214987805324269,0.00101061601528688,0.000324202560173329,0.0133314747124292,0.0467347281719219
mu-synthesis,3,1,2.54883561873208,3.53070360491052,1,1,3.47159217945418,4.34750830639467,1.43489479931155,0.28776095447966,0.0014771867522588,0.000556779559756105,0.0123260507648204,0.0455155965812067
mu-synthesis,4,1,2.53611506318878,3.60209352921705,1,1,3.50910099349957,4.46499270082037,1.52021081615511,0.269586282688867,0.000687735216672083,0.000624337351639965,0.012335147066279,0.0452242814232663
mu-synthesis,5,1,2.32164562472359,3.44849660307462,1,1,3.07275430303427,4.24642891945491,1.36458990963789,0.303027814036221,0.00214428359226455,0.000359893890875147,0.0115236844173324,0.0455897240045322
mu-synthesis,6,1,2.52232444239077,3.99722409125432,1,1,3.6018295148677,4.3599977114815,1.73325217416072,0.230651624029155,0.00136134227547014,0.000451577612271732,0.0125296033223739,0.0459649407616526
mu-synthesis,7,1,2.51768423147389,3.41424973233558,1,1,3.45151374196565,4.72431310747223,1.13038854479858,0.295427104510203,0.00295044372161637,0.000441662357101633,0.0122790304219073,0.0459049416201359
mu-synthesis,8,1,2.50440984881066,4.07853668654536,1,1,3.66988196302753,4.55071390350653,1.69697228095828,0.22036226536758,0.00146052524874396,0.000368015044396676,0.0126084038445019,0.0458010249923547
mu-synthesis,9,1,2.46570842773852,4.56300961496043,1,1,3.49224436923795,4.42884426989669,2.10874690094992,0.193918406361823,0.0038657951213868,0.000419065229123148,0.0123974980144683,0.0466230042550612
mu-synthesis,10,1,2.53883263233554,3.54383084433285,1,1,3.752922512182,4.80991987157739,1.05585615327602,0.278367482115622,0.00281663808803741,0.000449782278877537,0.0130518133758856,0.046301901164659
H2,1,1,0.903086689579867,1.02038595065771,1,1,5.01648519928373,3.95050609531539,2.21186460894656,1.69083401947848,0.00205465529293918,0.000200924081147585,0.0159730151174935,0.0710864167323891
H2,2,1,29.8791696889874,1.03465388335261,1,1,5.48196082199232,4.57669901840514,1.86924558140257,1.59850138067061,0.00105270181320477,0.000297133458440022,0.017505838803699,0.0734139099557807
H2,3,1,0.84020759078729,0.962693875267292,1,1,5.8805406805167,4.09143169604325,1.5818679057138,2.07284796376033,0.00306410138267318,0.000261135767139096,0.0159655154192933,0.0711530396069192
H2,4,1,0.797722779363284,0.968844677715544,1,1,5.87829367144056,4.22716465147511,1.73090226838288,1.95919473970055,0.00173890376873593,0.000315857741213025,0.0160424920754641,0.0707966575931874
H2,5,1,2.39724911693786,0.960791329038431,1,1,3.61534705385678,3.9850831789978,1.45919844304227,2.16851879708181,0.00415502299450719,0.000275920699241902,0.0152446411706202,0.0712157778167469
H2,6,1,1.44423784031172,1.05146868543216,1,1,5.73458297439409,4.12772040383701,2.09452186861563,1.7187093838785,0.00133066212903833,0.00020284571931522,0.0163908476547147,0.0719855124549738
H2,7,1,0.942067798681503,0.925083599137691,1,1,4.7876956164547,4.47346876747043,1.1379798687586,2.09759032287569,0.00536846050358462,0.000286303675057008,0.0162180646607835,0.0720649039845565
H2,8,1,1.40791669826435,0.986404766717731,1,1,5.74442507182955,4.29551016613494,2.05936267252548,1.64682140133815,0.00153643203534857,0.00016660130838655,0.0166165242505873,0.0717084884256042
H2,9,1,0.763984183903218,1.05192576335688,1,1,5.68630389728308,4.16933714511508,2.68371777526605,1.50687965074181,0.00529817687752517,0.000138842298034506,0.0161895304011431,0.072835204499289
H2,10,1,0.653613702417134,1.0819118215481,1,1,5.69515144913139,4.61513134885719,1.05873762720687,1.977488848401,0.00511884161150038,0.000361192172402838,0.0173533260713653,0.0729988101534967
